family,shounen,sitcom,crime,demons,romance,tv show,supernatural,comedy,war,harem,horror,ecchi,thriller,mystery,school,short,slice of life,shoujo,film-noir,musical,action,history,documentary,super power,parody
recommend,thriller,action
shounen,tv show,short,action
short,action,parody
shounen,romance,recommend,music,musical,action
action,parody
harem,thriller,drama
action,parody

short,action,parody
drama
shounen,adventure,mystery
shounen,space,tv show,recommend,harem,action,parody
recommend
mecha,war,action
recommend
war,action
action,parody
supernatural,mystery,drama
war,action
demons
demons,recommend
western,recommend,short,action
war,harem,thriller,action
thriller
recommend,war,action
action
war,action
action,parody
demons,recommend,short,action
war,action
drama,action
seinen,romance,tv show,recommend,war,game,musical,action,parody
action
recommend,drama,action,parody
demons,supernatural,drama
action,parody
recommend,drama
recommend
action
action,parody
war,action,parody
harem,drama
comedy,thriller,short,drama
action
crime,drama,history

ecchi,slice of life,action

drama
action,parody
crime,demons,drama
sitcom,crime,documentary
slice of life,drama,action
drama
action
war,action
short
action,parody
recommend,comedy
crime,demons,drama
drama
recommend
drama,action
drama
demons,drama
ecchi,drama
drama
harem

crime,drama
demons,drama
demons,recommend,drama
ecchi,slice of life,drama
demons,recommend,drama
harem,short
slice of life,action
recommend,action,parody
drama
drama
demons,action,parody
drama
demons,recommend,drama
recommend,drama
ecchi,drama
drama
drama
romance,drama,parody
harem,thriller
drama
recommend,slice of life,drama
recommend,drama
drama
recommend,harem,parody
ecchi
action
action
recommend,drama
recommend
recommend
action,parody
recommend,slice of life
drama
drama
recommend
family,recommend
demons,recommend,parody
war,action,parody
drama
drama
demons,recommend
harem
recommend
recommend,drama
recommend,drama
ecchi
ecchi,drama,action
recommend
ecchi,slice of life,drama
recommend,action
romance,slice of life,parody
drama
drama
drama
recommend
demons,recommend,drama
slice of life,drama,action
slice of life,drama,action
slice of life
recommend
recommend,action,parody
ecchi,slice of life,drama
demons,recommend,drama
drama

demons,recommend,slice of life

drama
war,thriller,action
demons,recommend
drama
ecchi,action
family,romance,recommend
demons,recommend
war,action,parody
recommend
crime,drama
recommend,drama
recommend,slice of life,action
action
supernatural,drama
romance,recommend,parody
drama
drama
war,harem
drama
demons,recommend,drama
action,parody
drama,action,parody
recommend,drama
slice of life,drama,action
drama
romance,recommend,parody
war,drama
crime,drama,history
drama
recommend,slice of life,action
recommend
drama
demons,drama
recommend,war,action
family,drama
slice of life,drama,action
drama,action
ecchi,drama,parody
recommend,action,parody
ecchi,slice of life,drama
drama
ecchi,slice of life,action
demons,recommend,drama
recommend,action
action
recommend,drama
demons,recommend
recommend,drama
slice of life,drama
drama
drama
romance,recommend,parody
demons,recommend


war,action,parody
drama,action
slice of life,action,parody
drama

supernatural,drama,super power
slice of life,drama
drama
recommend,harem
family,recommend,parody
crime,slice of life,drama
recommend,slice of life,drama
drama
recommend,action
ecchi
recommend,drama
drama
demons,recommend

drama
action,parody
demons,supernatural,drama
crime,demons,drama
drama
slice of life
drama
recommend,drama
recommend
recommend,drama
demons,recommend
slice of life,drama
drama
drama
ecchi,drama
action
ecchi,action,parody
action
demons,recommend,drama
demons,drama
crime,supernatural,documentary
drama
drama
drama
recommend
sitcom,drama
slice of life,action
drama
action,parody
romance,action,parody
recommend
drama,action,parody
recommend
crime,recommend,slice of life
drama
recommend
drama
drama
action
drama
drama
demons,recommend
demons,recommend,drama
drama
war,harem,action
drama
recommend
demons,drama
action
drama,action
action,parody
action
drama
drama
demons,recommend
recommend

demons,drama
drama
family,horror,drama
demons,recommend,drama
sitcom,recommend,drama
thriller,slice of life
recommend
family,crime,drama
demons,recommend
demons,recommend
recommend,drama
demons,drama
drama
family,drama
recommend

slice of life,drama,action
ecchi,action
recommend,parody

war,harem,action
parody
family,recommend
ecchi,slice of life,drama
drama
demons,recommend
drama
romance,recommend,parody
war,action,parody
ecchi,slice of life,action
sitcom,drama
recommend,drama
harem,ecchi
documentary
harem,ecchi
demons,recommend

drama
demons,recommend,drama
demons,drama,parody
drama
recommend,drama
drama
war,action,parody
thriller,slice of life,drama

drama
comedy,drama,action
short,action,parody
recommend,slice of life,action
slice of life,drama
drama
drama
demons,recommend,drama
drama
thriller,slice of life,drama
drama
recommend,parody
harem,short
action
recommend,slice of life,action
drama,action
drama
action
recommend,drama,action
sitcom,recommend
drama
recommend
drama
ecchi,drama
family,drama,parody

slice of life,drama
drama,action
war,harem
harem,action
slice of life,action
ecchi,drama,action
drama
ecchi
harem,ecchi,thriller,drama
recommend,action,parody
ecchi
drama
recommend,action,parody
slice of life,action
drama
slice of life,action
war,slice of life,action
demons,recommend
drama
ecchi,drama,action
drama
recommend,drama
action
recommend

drama
crime,supernatural,drama
action,parody
slice of life,drama
recommend,drama
drama,action
harem,slice of life,action
harem
harem,action,parody
ecchi,thriller,drama
slice of life,drama


harem,drama
demons,drama
harem,drama
harem,ecchi
drama

crime,drama,history
drama
slice of life
horror,action
ecchi,slice of life
family,recommend,war
drama
drama
short,slice of life,action
crime,demons,drama
drama
war,harem,action
family,drama
drama
recommend,war
action,parody
recommend,drama
demons,slice of life,drama
drama,action
harem,ecchi
demons,recommend,drama
war,ecchi,action
war,ecchi,action,parody
ecchi
supernatural,recommend,slice of life,drama
action
family,short,drama
ecchi
family,short
action,parody
ecchi,slice of life
ecchi,drama,action
slice of life,drama,action
drama
demons,recommend,drama
action,parody
harem
harem,ecchi
action
harem
family,recommend,war
drama
recommend,drama
slice of life,drama,action
recommend,drama
drama
slice of life,drama
drama
harem
drama
crime,drama
recommend
demons,recommend
ecchi,slice of life,action
slice of life,drama
drama
harem,ecchi,drama
crime,drama
slice of life,drama
recommend
recommend,drama
drama,action
recommend,slice of life,drama,action
recommend,parody
slice of life,drama
drama
demons,recommend,drama
drama,action,parody
recommend
ecchi,slice of life,drama
family,romance,recommend
slice of life
slice of life,drama
recommend,war,action
demons,recommend,drama
recommend
action
romance,war,school,short,action,documentary,parody
ecchi,slice of life,drama
recommend,drama

recommend,drama
drama
drama
slice of life,drama,action
demons,recommend,drama
crime,drama
slice of life,action
action
drama
slice of life
drama
action,parody
harem,action,parody
slice of life,drama,action
ecchi,action,parody
recommend,action
drama
slice of life,drama,action
drama
recommend
slice of life,action
recommend,slice of life,action
slice of life,drama
recommend
recommend,drama
demons,drama
ecchi,action,parody
demons,recommend,drama
demons,recommend,drama

slice of life,drama,action
recommend,drama
demons,recommend,action
thriller,drama,action
thriller,slice of life,action
drama
drama
demons,recommend,drama
demons,recommend,drama
recommend
recommend,drama
recommend,drama,parody
ecchi,thriller,drama
demons,recommend,drama
drama
drama
action
slice of life,drama
recommend,drama
harem
demons,recommend,drama
drama
recommend,drama
crime,drama
recommend,ecchi
romance,recommend,parody
action,parody
recommend,action
slice of life,action
drama
drama
ecchi,action,parody

slice of life,drama,action
ecchi,slice of life,drama
drama
recommend
drama,parody
drama
recommend,drama
recommend
war,action
recommend,drama,parody
recommend
crime,drama
drama
slice of life,drama
drama,action
ecchi,drama,parody
action,parody
war,action,parody
drama
demons,drama
demons,comedy,drama
slice of life,drama
recommend
demons,drama

recommend
drama
drama
drama
drama
recommend,drama
demons,recommend,drama
demons,drama
demons,drama

drama
war
demons,recommend,drama
drama
thriller,slice of life,drama
short,drama,parody
crime,drama,history
drama
recommend,drama

recommend,drama
harem,ecchi,thriller
action
recommend
drama
ecchi,drama
recommend,drama
action,parody
recommend,drama

recommend
recommend
drama
drama
demons,recommend,drama
demons,war,drama
recommend,drama
recommend
drama
demons,recommend,drama
drama
war,action,parody
drama,action,parody
family,recommend,drama
demons,harem,thriller
slice of life,drama,action
recommend,drama
demons,horror
recommend,drama
recommend
drama
crime,drama
ecchi,thriller,slice of life,drama
horror,drama
short,action,parody

drama
demons,drama

slice of life,drama
drama
slice of life,drama
short,drama
recommend
drama
slice of life,drama,action
drama
drama,action
recommend,drama
demons,slice of life
recommend,horror
recommend,drama
slice of life,drama
recommend,slice of life
demons,slice of life,drama
war,slice of life,action
drama
slice of life,action,parody
drama

demons,drama
demons,recommend
drama
ecchi,slice of life,action
ecchi,slice of life,action
slice of life,drama,action
ecchi,slice of life,action
ecchi,slice of life,action
war,parody
drama
drama
drama
demons,drama
ecchi,slice of life,action
drama,action,parody
parody
demons,recommend,drama
drama,action,parody
ecchi,drama

recommend,short,drama

ecchi,action
recommend,drama
ecchi,slice of life,drama
crime,drama,history
harem,drama
crime,drama,history
war,action,parody
recommend,short
ecchi
demons,recommend,slice of life,drama
ecchi,drama
slice of life,drama,action
drama
drama
slice of life,drama,action
recommend,action,parody
recommend
demons,recommend


action
drama,action,parody
drama
drama
drama
demons,recommend,drama
recommend,drama
recommend

slice of life,drama,action
slice of life,drama,action
ecchi,drama
demons,war,drama
recommend,drama
demons,recommend
recommend,drama
recommend,slice of life,action
slice of life,drama

drama

recommend
war,action,parody
war,action,parody
harem,thriller,drama
ecchi,slice of life,drama
supernatural,documentary
short,parody
demons,recommend
demons,recommend,drama
drama
comedy,drama,action
drama
sitcom,drama
war,action,parody
demons,supernatural,drama
ecchi,thriller,drama
slice of life,drama
ecchi,action
harem,drama
slice of life,action
slice of life,drama
recommend,drama
demons,drama
recommend,drama

harem,thriller,short
slice of life,drama,action
drama
ecchi,action
family,recommend
family,recommend,drama
recommend
demons,recommend,drama
drama
crime,drama,history
slice of life,drama,action
action,parody

drama
action
family,recommend,drama
crime,drama,history
family,drama
recommend,drama
recommend,drama
drama

war,action,parody
ecchi,action,parody
recommend,drama
drama
drama
romance,recommend,drama
ecchi,slice of life,drama
drama
slice of life,drama,action
recommend,drama
ecchi,drama,action
slice of life,drama
family,romance,parody



family,parody
drama,parody
harem,ecchi
action
action
ecchi,drama,action

demons,drama
family,short
recommend,drama
recommend,drama
drama,parody
demons,recommend
recommend
drama
ecchi,slice of life
slice of life,action
ecchi,drama,action
recommend
demons,recommend,drama
ecchi,drama
ecchi,slice of life
demons,drama
recommend
recommend
slice of life,drama
ecchi,action
drama
drama
recommend
recommend,drama
recommend,slice of life
drama
ecchi,drama
war,action
drama
drama
recommend,thriller,slice of life
ecchi,slice of life,drama
recommend,slice of life,action
recommend,drama
parody
demons,drama
demons,recommend,drama
drama
recommend,slice of life,drama
action
ecchi,drama
drama

demons,recommend,drama
recommend
romance,action,parody
recommend,slice of life,drama
recommend,slice of life
ecchi,drama,action
ecchi,drama
drama
ecchi,action
drama
recommend,slice of life,action
demons,recommend
recommend,drama
genre:
demons,recommend,drama
demons,recommend
slice of life,drama
drama
drama
action,parody
recommend
crime,supernatural,drama
thriller,slice of life
demons,drama
drama
slice of life
parody
ecchi,slice of life,action
recommend,drama
sitcom,ecchi,action
recommend,drama
recommend,drama
drama
demons,supernatural,recommend,drama
war,action
drama
comedy,drama,history
parody
recommend
romance,recommend,parody
drama,parody
recommend
drama
recommend,drama
drama
drama
drama,parody
recommend,action,parody
recommend,slice of life,drama
recommend,drama
drama
drama
harem,ecchi

recommend,harem
war,action,parody
slice of life
ecchi,thriller,drama
demons,drama
drama

recommend
harem

drama
harem,ecchi
demons,recommend,drama
drama

drama
ecchi
harem,thriller,short
drama
demons,drama
drama
slice of life,drama
slice of life,drama
drama

ecchi

drama
demons,recommend,drama
drama
demons,drama
drama
drama
drama,action
demons,recommend
drama
slice of life,drama,action
demons,recommend
drama
recommend
drama

recommend,drama
demons,recommend,drama
demons,recommend,drama
drama,parody
demons,recommend
recommend,drama
family,romance,recommend
drama
slice of life,action
drama
comedy,drama,action
drama,parody
slice of life,drama
drama,action,parody
thriller,slice of life,drama
demons,recommend
crime,drama,history
drama
drama
demons,drama
demons,drama
drama,action
drama
demons,drama
demons,drama
action,parody
demons,recommend
harem,ecchi
drama
action,history,parody
drama
demons,action,parody
drama
slice of life,drama
ecchi,slice of life,action
ecchi,drama
family,recommend,parody
recommend,harem
recommend,drama
drama
action
recommend,drama
demons,action,parody
action
family,short,parody
demons,harem,short,drama
ecchi,thriller
parody
demons,drama
slice of life
drama
war,ecchi,drama
slice of life,drama
demons,ecchi,action
drama
drama
ecchi,slice of life,drama
recommend,drama
crime,history,documentary
recommend,drama
ecchi
demons,recommend
harem,thriller,drama

drama
demons,recommend,drama
crime,drama
drama
harem
demons,drama
demons,recommend,comedy
drama
demons,recommend,drama
drama,parody
demons,recommend
drama,action,parody
demons,drama
drama,history
crime,drama,parody
demons,recommend,drama
recommend,drama
drama
comedy,action
slice of life,drama
demons,slice of life,drama

demons,comedy,drama
demons,drama
action
slice of life,drama
slice of life,drama
recommend
crime,drama,parody

slice of life
family,parody
ecchi,drama
recommend,drama
drama
recommend,slice of life
drama
action,parody
drama,parody
parody
drama
demons,recommend
recommend
comedy,drama,action
drama
drama,history,parody
drama,parody
action,parody
recommend
demons,recommend,drama

recommend,parody
ecchi,slice of life,action
war,action
drama
recommend,war,action
war,action
recommend
ecchi,slice of life,drama
war
drama
drama
recommend,super power
drama
drama
slice of life,drama
supernatural,recommend,drama
drama
recommend,drama,parody
drama
drama
family,crime
recommend
ecchi
comedy,drama
war,action,parody

family,supernatural,drama
ecchi,action
drama
demons,recommend,drama

demons,drama
drama
demons,recommend
demons,recommend,drama
slice of life,drama
recommend,parody
drama
comedy,drama,action
demons,drama
demons,recommend
drama
supernatural,thriller,drama
parody
drama
slice of life
recommend,drama
drama
recommend,slice of life,action
ecchi
thriller,drama
drama
crime,drama,history
recommend
recommend,slice of life,action
demons,drama
ecchi,action
family,short,action,parody
demons,recommend,drama
drama
demons,drama
slice of life,drama
ecchi,action
demons,recommend,drama
drama
comedy,drama,history
ecchi,slice of life,action
drama
drama
action
horror


horror,slice of life,action,parody
harem,short,slice of life
comedy,drama
harem,slice of life
recommend,action,parody
demons,harem,thriller

ecchi,drama
harem,short,drama
drama
slice of life
harem
drama
recommend,slice of life
slice of life,drama
slice of life,action
ecchi,action
drama
recommend,drama,parody
sitcom,drama,action
recommend
drama
recommend,drama
harem,ecchi,action
drama
recommend,slice of life,action
harem
demons,recommend,parody
